"Privacy Settings","Privacy Settings"
"Information","Information"
"Export your personal data","Export your personal data"
"Export my data","Export my data"
"Account deletion","Account deletion"
"Attention!","Attention!"
"Your account will be deleted soon. You can undo this action.","Your account will be deleted soon. You can undo this action."
"Undo deletion","Undo deletion"
"Delete my account","Delete my account"
"Delete Account","Delete Account"
"Password","Password"
"Reason","Reason"
"Delete my account","Delete my account"
"Cookie Policy","Cookie Policy"
"Click here to learn about cookies","Click here to learn about cookies"
"Agree","Agree"
